<?xml version="1.0" encoding="UTF-8"?>
<OpenSimDocument Version="20302">
	<ExternalLoads name="">
		<objects>
			<ExternalForce name="Right_GRF">
				<isDisabled> false </isDisabled>
				<!--Name of the body the force is applied to.-->
				<applied_to_body> calcn_r </applied_to_body>
				<!--Name of the body the force is expressed in (default is ground).-->
				<force_expressed_in_body> ground </force_expressed_in_body>
				<!--Name of the body the point is expressed in (default is ground).-->
				<point_expressed_in_body> ground </point_expressed_in_body>
				<!--Identifier (string) to locate the force to be applied in the data
				    source.-->
				<force_identifier> ground_force_v </force_identifier>
				<!--Identifier (string) to locate the point to be applied in the data
				    source.-->
				<point_identifier> ground_force_p </point_identifier>
				<!--Identifier (string) to locate the torque to be applied in the data
				    source.-->
				<torque_identifier> ground_torque_ </torque_identifier>
				<!--Name of the data source (Storage) that will supply the force data.-->
				<data_source_name> Unassigned </data_source_name>
			</ExternalForce>
		</objects>
		<groups/>
		<!--Storage file (.sto) containing (3) components of force and/or torque
		    and point of application.Note: this file overrides the data source
		    specified by the individual external forces if specified.-->
		<datafile> ..\leg69_stance_grf.mot </datafile>
		<!--Optional motion file (.mot) or storage file (.sto) containing the
		    model kinematics used to transform a point expressed in ground to the
		    body of force application.If the point is not expressed in ground, the
		    point is not transformed-->
		<external_loads_model_kinematics_file> ..\leg69_IK_stance.mot </external_loads_model_kinematics_file>
	</ExternalLoads>
</OpenSimDocument>
