<?xml version="1.0" encoding="UTF-8" ?>
<OpenSimDocument Version="30000">
	<ControlSet name="leg6dof9musc_added_mass">
		<objects>
			<ControlLinear name="bifemlh_r.excitation">
				<is_model_control>true</is_model_control>
				<extrapolate>true</extrapolate>
				<default_min>0.02</default_min>
				<default_max>1</default_max>
				<filter_on>false</filter_on>
				<use_steps>true</use_steps>
				<x_nodes>
					<ControlLinearNode>
						<t>0.83</t>
						<value>0.02</value>
					</ControlLinearNode>
					<ControlLinearNode>
						<t>0.84</t>
						<value>0.16547570435623</value>
					</ControlLinearNode>
					<ControlLinearNode>
						<t>0.85</t>
						<value>0.15886188863124</value>
					</ControlLinearNode>
					<ControlLinearNode>
						<t>0.86</t>
						<value>0.0444571048633363</value>
					</ControlLinearNode>
					<ControlLinearNode>
						<t>0.87</t>
						<value>0.139667772213115</value>
					</ControlLinearNode>
					<ControlLinearNode>
						<t>0.88</t>
						<value>0.135155723217016</value>
					</ControlLinearNode>
					<ControlLinearNode>
						<t>0.89</t>
						<value>0.14648884925837</value>
					</ControlLinearNode>
					<ControlLinearNode>
						<t>0.9</t>
						<value>0.171494171345492</value>
					</ControlLinearNode>
					<ControlLinearNode>
						<t>0.91</t>
						<value>0.026</value>
					</ControlLinearNode>
					<ControlLinearNode>
						<t>0.92</t>
						<value>0.148353388076415</value>
					</ControlLinearNode>
					<ControlLinearNode>
						<t>0.93</t>
						<value>0.149684575502784</value>
					</ControlLinearNode>
					<ControlLinearNode>
						<t>0.94</t>
						<value>0.0613493232122555</value>
					</ControlLinearNode>
					<ControlLinearNode>
						<t>0.95</t>
						<value>0.173565959709947</value>
					</ControlLinearNode>
					<ControlLinearNode>
						<t>0.96</t>
						<value>0.022</value>
					</ControlLinearNode>
					<ControlLinearNode>
						<t>0.97</t>
						<value>0.185151709407696</value>
					</ControlLinearNode>
					<ControlLinearNode>
						<t>0.98</t>
						<value>0.148403433254622</value>
					</ControlLinearNode>
					<ControlLinearNode>
						<t>0.99</t>
						<value>0.131234536838336</value>
					</ControlLinearNode>
					<ControlLinearNode>
						<t>1</t>
						<value>0.0888014545053214</value>
					</ControlLinearNode>
					<ControlLinearNode>
						<t>1.01</t>
						<value>0.0964105683759756</value>
					</ControlLinearNode>
					<ControlLinearNode>
						<t>1.02</t>
						<value>0.15305514427225</value>
					</ControlLinearNode>
					<ControlLinearNode>
						<t>1.03</t>
						<value>0.125506578629471</value>
					</ControlLinearNode>
					<ControlLinearNode>
						<t>1.04</t>
						<value>0.158133318256853</value>
					</ControlLinearNode>
					<ControlLinearNode>
						<t>1.05</t>
						<value>0.123540682416133</value>
					</ControlLinearNode>
					<ControlLinearNode>
						<t>1.06</t>
						<value>0.156732340723248</value>
					</ControlLinearNode>
					<ControlLinearNode>
						<t>1.07</t>
						<value>0.145222192248935</value>
					</ControlLinearNode>
					<ControlLinearNode>
						<t>1.08</t>
						<value>0.173953821256324</value>
					</ControlLinearNode>
					<ControlLinearNode>
						<t>1.09</t>
						<value>0.160533425661505</value>
					</ControlLinearNode>
					<ControlLinearNode>
						<t>1.1</t>
						<value>0.0551584866442912</value>
					</ControlLinearNode>
					<ControlLinearNode>
						<t>1.11</t>
						<value>0.157318833695086</value>
					</ControlLinearNode>
					<ControlLinearNode>
						<t>1.12</t>
						<value>0.15875972639233</value>
					</ControlLinearNode>
					<ControlLinearNode>
						<t>1.13</t>
						<value>0.100153390346022</value>
					</ControlLinearNode>
					<ControlLinearNode>
						<t>1.14</t>
						<value>0.19268761335076</value>
					</ControlLinearNode>
					<ControlLinearNode>
						<t>1.15</t>
						<value>0.218266725291846</value>
					</ControlLinearNode>
					<ControlLinearNode>
						<t>1.16</t>
						<value>0.026</value>
					</ControlLinearNode>
					<ControlLinearNode>
						<t>1.17</t>
						<value>0.0419503669058184</value>
					</ControlLinearNode>
					<ControlLinearNode>
						<t>1.18</t>
						<value>0.266207484552108</value>
					</ControlLinearNode>
					<ControlLinearNode>
						<t>1.19</t>
						<value>0.0293771038849633</value>
					</ControlLinearNode>
					<ControlLinearNode>
						<t>1.2</t>
						<value>0.0280675431348695</value>
					</ControlLinearNode>
					<ControlLinearNode>
						<t>1.21</t>
						<value>0.028</value>
					</ControlLinearNode>
					<ControlLinearNode>
						<t>1.22</t>
						<value>0.026</value>
					</ControlLinearNode>
					<ControlLinearNode>
						<t>1.23</t>
						<value>0.024</value>
					</ControlLinearNode>
					<ControlLinearNode>
						<t>1.24</t>
						<value>0.022</value>
					</ControlLinearNode>
				</x_nodes>
				<min_nodes />
				<max_nodes />
				<kp>100</kp>
				<kv>20</kv>
			</ControlLinear>
			<ControlLinear name="bifemsh_r.excitation">
				<is_model_control>true</is_model_control>
				<extrapolate>true</extrapolate>
				<default_min>0.02</default_min>
				<default_max>1</default_max>
				<filter_on>false</filter_on>
				<use_steps>true</use_steps>
				<x_nodes>
					<ControlLinearNode>
						<t>0.83</t>
						<value>0.02</value>
					</ControlLinearNode>
					<ControlLinearNode>
						<t>0.84</t>
						<value>0.02</value>
					</ControlLinearNode>
					<ControlLinearNode>
						<t>0.85</t>
						<value>0.02</value>
					</ControlLinearNode>
					<ControlLinearNode>
						<t>0.86</t>
						<value>0.02</value>
					</ControlLinearNode>
					<ControlLinearNode>
						<t>0.87</t>
						<value>0.02</value>
					</ControlLinearNode>
					<ControlLinearNode>
						<t>0.88</t>
						<value>0.02</value>
					</ControlLinearNode>
					<ControlLinearNode>
						<t>0.89</t>
						<value>0.02</value>
					</ControlLinearNode>
					<ControlLinearNode>
						<t>0.9</t>
						<value>0.0360655517245035</value>
					</ControlLinearNode>
					<ControlLinearNode>
						<t>0.91</t>
						<value>0.02</value>
					</ControlLinearNode>
					<ControlLinearNode>
						<t>0.92</t>
						<value>0.02</value>
					</ControlLinearNode>
					<ControlLinearNode>
						<t>0.93</t>
						<value>0.02</value>
					</ControlLinearNode>
					<ControlLinearNode>
						<t>0.94</t>
						<value>0.022</value>
					</ControlLinearNode>
					<ControlLinearNode>
						<t>0.95</t>
						<value>0.0369642419594046</value>
					</ControlLinearNode>
					<ControlLinearNode>
						<t>0.96</t>
						<value>0.022</value>
					</ControlLinearNode>
					<ControlLinearNode>
						<t>0.97</t>
						<value>0.022</value>
					</ControlLinearNode>
					<ControlLinearNode>
						<t>0.98</t>
						<value>0.024</value>
					</ControlLinearNode>
					<ControlLinearNode>
						<t>0.99</t>
						<value>0.0357815225706831</value>
					</ControlLinearNode>
					<ControlLinearNode>
						<t>1</t>
						<value>0.0368406143823073</value>
					</ControlLinearNode>
					<ControlLinearNode>
						<t>1.01</t>
						<value>0.0423990485379269</value>
					</ControlLinearNode>
					<ControlLinearNode>
						<t>1.02</t>
						<value>0.0326888351641081</value>
					</ControlLinearNode>
					<ControlLinearNode>
						<t>1.03</t>
						<value>0.0445449467559883</value>
					</ControlLinearNode>
					<ControlLinearNode>
						<t>1.04</t>
						<value>0.0454159036938188</value>
					</ControlLinearNode>
					<ControlLinearNode>
						<t>1.05</t>
						<value>0.0491755210446203</value>
					</ControlLinearNode>
					<ControlLinearNode>
						<t>1.06</t>
						<value>0.0536643133008407</value>
					</ControlLinearNode>
					<ControlLinearNode>
						<t>1.07</t>
						<value>0.0638048905027763</value>
					</ControlLinearNode>
					<ControlLinearNode>
						<t>1.08</t>
						<value>0.026</value>
					</ControlLinearNode>
					<ControlLinearNode>
						<t>1.09</t>
						<value>0.05523761588704</value>
					</ControlLinearNode>
					<ControlLinearNode>
						<t>1.1</t>
						<value>0.0793703758216582</value>
					</ControlLinearNode>
					<ControlLinearNode>
						<t>1.11</t>
						<value>0.0343446986191867</value>
					</ControlLinearNode>
					<ControlLinearNode>
						<t>1.12</t>
						<value>0.0487335756877337</value>
					</ControlLinearNode>
					<ControlLinearNode>
						<t>1.13</t>
						<value>0.107048607242795</value>
					</ControlLinearNode>
					<ControlLinearNode>
						<t>1.14</t>
						<value>0.026</value>
					</ControlLinearNode>
					<ControlLinearNode>
						<t>1.15</t>
						<value>0.0878747449869235</value>
					</ControlLinearNode>
					<ControlLinearNode>
						<t>1.16</t>
						<value>0.0877721321818008</value>
					</ControlLinearNode>
					<ControlLinearNode>
						<t>1.17</t>
						<value>0.110841745296392</value>
					</ControlLinearNode>
					<ControlLinearNode>
						<t>1.18</t>
						<value>0.107152545227372</value>
					</ControlLinearNode>
					<ControlLinearNode>
						<t>1.19</t>
						<value>0.12425866842581</value>
					</ControlLinearNode>
					<ControlLinearNode>
						<t>1.2</t>
						<value>0.127447670987895</value>
					</ControlLinearNode>
					<ControlLinearNode>
						<t>1.21</t>
						<value>0.102311946043064</value>
					</ControlLinearNode>
					<ControlLinearNode>
						<t>1.22</t>
						<value>0.1243943232158</value>
					</ControlLinearNode>
					<ControlLinearNode>
						<t>1.23</t>
						<value>0.0419593618747667</value>
					</ControlLinearNode>
					<ControlLinearNode>
						<t>1.24</t>
						<value>0.107348177087486</value>
					</ControlLinearNode>
				</x_nodes>
				<min_nodes />
				<max_nodes />
				<kp>100</kp>
				<kv>20</kv>
			</ControlLinear>
			<ControlLinear name="glut_max2_r.excitation">
				<is_model_control>true</is_model_control>
				<extrapolate>true</extrapolate>
				<default_min>0.02</default_min>
				<default_max>1</default_max>
				<filter_on>false</filter_on>
				<use_steps>true</use_steps>
				<x_nodes>
					<ControlLinearNode>
						<t>0.83</t>
						<value>0.11057316318583</value>
					</ControlLinearNode>
					<ControlLinearNode>
						<t>0.84</t>
						<value>0.194089938738456</value>
					</ControlLinearNode>
					<ControlLinearNode>
						<t>0.85</t>
						<value>0.0826003643570554</value>
					</ControlLinearNode>
					<ControlLinearNode>
						<t>0.86</t>
						<value>0.119692284808118</value>
					</ControlLinearNode>
					<ControlLinearNode>
						<t>0.87</t>
						<value>0.136283361723856</value>
					</ControlLinearNode>
					<ControlLinearNode>
						<t>0.88</t>
						<value>0.112664574609495</value>
					</ControlLinearNode>
					<ControlLinearNode>
						<t>0.89</t>
						<value>0.125835518970924</value>
					</ControlLinearNode>
					<ControlLinearNode>
						<t>0.9</t>
						<value>0.022</value>
					</ControlLinearNode>
					<ControlLinearNode>
						<t>0.91</t>
						<value>0.132084970379559</value>
					</ControlLinearNode>
					<ControlLinearNode>
						<t>0.92</t>
						<value>0.13191388758603</value>
					</ControlLinearNode>
					<ControlLinearNode>
						<t>0.93</t>
						<value>0.11570652620546</value>
					</ControlLinearNode>
					<ControlLinearNode>
						<t>0.94</t>
						<value>0.022</value>
					</ControlLinearNode>
					<ControlLinearNode>
						<t>0.95</t>
						<value>0.022</value>
					</ControlLinearNode>
					<ControlLinearNode>
						<t>0.96</t>
						<value>0.022</value>
					</ControlLinearNode>
					<ControlLinearNode>
						<t>0.97</t>
						<value>0.0457119807890298</value>
					</ControlLinearNode>
					<ControlLinearNode>
						<t>0.98</t>
						<value>0.024</value>
					</ControlLinearNode>
					<ControlLinearNode>
						<t>0.99</t>
						<value>0.022</value>
					</ControlLinearNode>
					<ControlLinearNode>
						<t>1</t>
						<value>0.022</value>
					</ControlLinearNode>
					<ControlLinearNode>
						<t>1.01</t>
						<value>0.022</value>
					</ControlLinearNode>
					<ControlLinearNode>
						<t>1.02</t>
						<value>0.022</value>
					</ControlLinearNode>
					<ControlLinearNode>
						<t>1.03</t>
						<value>0.022</value>
					</ControlLinearNode>
					<ControlLinearNode>
						<t>1.04</t>
						<value>0.022</value>
					</ControlLinearNode>
					<ControlLinearNode>
						<t>1.05</t>
						<value>0.022</value>
					</ControlLinearNode>
					<ControlLinearNode>
						<t>1.06</t>
						<value>0.022</value>
					</ControlLinearNode>
					<ControlLinearNode>
						<t>1.07</t>
						<value>0.022</value>
					</ControlLinearNode>
					<ControlLinearNode>
						<t>1.08</t>
						<value>0.022</value>
					</ControlLinearNode>
					<ControlLinearNode>
						<t>1.09</t>
						<value>0.022</value>
					</ControlLinearNode>
					<ControlLinearNode>
						<t>1.1</t>
						<value>0.022</value>
					</ControlLinearNode>
					<ControlLinearNode>
						<t>1.11</t>
						<value>0.022</value>
					</ControlLinearNode>
					<ControlLinearNode>
						<t>1.12</t>
						<value>0.022</value>
					</ControlLinearNode>
					<ControlLinearNode>
						<t>1.13</t>
						<value>0.022</value>
					</ControlLinearNode>
					<ControlLinearNode>
						<t>1.14</t>
						<value>0.022</value>
					</ControlLinearNode>
					<ControlLinearNode>
						<t>1.15</t>
						<value>0.022</value>
					</ControlLinearNode>
					<ControlLinearNode>
						<t>1.16</t>
						<value>0.022</value>
					</ControlLinearNode>
					<ControlLinearNode>
						<t>1.17</t>
						<value>0.02</value>
					</ControlLinearNode>
					<ControlLinearNode>
						<t>1.18</t>
						<value>0.02</value>
					</ControlLinearNode>
					<ControlLinearNode>
						<t>1.19</t>
						<value>0.02</value>
					</ControlLinearNode>
					<ControlLinearNode>
						<t>1.2</t>
						<value>0.02</value>
					</ControlLinearNode>
					<ControlLinearNode>
						<t>1.21</t>
						<value>0.02</value>
					</ControlLinearNode>
					<ControlLinearNode>
						<t>1.22</t>
						<value>0.02</value>
					</ControlLinearNode>
					<ControlLinearNode>
						<t>1.23</t>
						<value>0.02</value>
					</ControlLinearNode>
					<ControlLinearNode>
						<t>1.24</t>
						<value>0.02</value>
					</ControlLinearNode>
				</x_nodes>
				<min_nodes />
				<max_nodes />
				<kp>100</kp>
				<kv>20</kv>
			</ControlLinear>
			<ControlLinear name="psoas_r.excitation">
				<is_model_control>true</is_model_control>
				<extrapolate>true</extrapolate>
				<default_min>0.02</default_min>
				<default_max>1</default_max>
				<filter_on>false</filter_on>
				<use_steps>true</use_steps>
				<x_nodes>
					<ControlLinearNode>
						<t>0.83</t>
						<value>0.02</value>
					</ControlLinearNode>
					<ControlLinearNode>
						<t>0.84</t>
						<value>0.02</value>
					</ControlLinearNode>
					<ControlLinearNode>
						<t>0.85</t>
						<value>0.02</value>
					</ControlLinearNode>
					<ControlLinearNode>
						<t>0.86</t>
						<value>0.02</value>
					</ControlLinearNode>
					<ControlLinearNode>
						<t>0.87</t>
						<value>0.02</value>
					</ControlLinearNode>
					<ControlLinearNode>
						<t>0.88</t>
						<value>0.02</value>
					</ControlLinearNode>
					<ControlLinearNode>
						<t>0.89</t>
						<value>0.02</value>
					</ControlLinearNode>
					<ControlLinearNode>
						<t>0.9</t>
						<value>0.0228406878017298</value>
					</ControlLinearNode>
					<ControlLinearNode>
						<t>0.91</t>
						<value>0.02</value>
					</ControlLinearNode>
					<ControlLinearNode>
						<t>0.92</t>
						<value>0.02</value>
					</ControlLinearNode>
					<ControlLinearNode>
						<t>0.93</t>
						<value>0.02</value>
					</ControlLinearNode>
					<ControlLinearNode>
						<t>0.94</t>
						<value>0.02</value>
					</ControlLinearNode>
					<ControlLinearNode>
						<t>0.95</t>
						<value>0.02</value>
					</ControlLinearNode>
					<ControlLinearNode>
						<t>0.96</t>
						<value>0.02</value>
					</ControlLinearNode>
					<ControlLinearNode>
						<t>0.97</t>
						<value>0.02</value>
					</ControlLinearNode>
					<ControlLinearNode>
						<t>0.98</t>
						<value>0.02</value>
					</ControlLinearNode>
					<ControlLinearNode>
						<t>0.99</t>
						<value>0.02</value>
					</ControlLinearNode>
					<ControlLinearNode>
						<t>1</t>
						<value>0.02</value>
					</ControlLinearNode>
					<ControlLinearNode>
						<t>1.01</t>
						<value>0.02</value>
					</ControlLinearNode>
					<ControlLinearNode>
						<t>1.02</t>
						<value>0.02</value>
					</ControlLinearNode>
					<ControlLinearNode>
						<t>1.03</t>
						<value>0.02</value>
					</ControlLinearNode>
					<ControlLinearNode>
						<t>1.04</t>
						<value>0.02</value>
					</ControlLinearNode>
					<ControlLinearNode>
						<t>1.05</t>
						<value>0.02</value>
					</ControlLinearNode>
					<ControlLinearNode>
						<t>1.06</t>
						<value>0.02</value>
					</ControlLinearNode>
					<ControlLinearNode>
						<t>1.07</t>
						<value>0.0224720261565168</value>
					</ControlLinearNode>
					<ControlLinearNode>
						<t>1.08</t>
						<value>0.0236216720517901</value>
					</ControlLinearNode>
					<ControlLinearNode>
						<t>1.09</t>
						<value>0.0310015232437077</value>
					</ControlLinearNode>
					<ControlLinearNode>
						<t>1.1</t>
						<value>0.0348571672275367</value>
					</ControlLinearNode>
					<ControlLinearNode>
						<t>1.11</t>
						<value>0.0450693241310898</value>
					</ControlLinearNode>
					<ControlLinearNode>
						<t>1.12</t>
						<value>0.058290621273113</value>
					</ControlLinearNode>
					<ControlLinearNode>
						<t>1.13</t>
						<value>0.0606664469712241</value>
					</ControlLinearNode>
					<ControlLinearNode>
						<t>1.14</t>
						<value>0.0753914002416062</value>
					</ControlLinearNode>
					<ControlLinearNode>
						<t>1.15</t>
						<value>0.0973819423843172</value>
					</ControlLinearNode>
					<ControlLinearNode>
						<t>1.16</t>
						<value>0.109339344310796</value>
					</ControlLinearNode>
					<ControlLinearNode>
						<t>1.17</t>
						<value>0.115328774758454</value>
					</ControlLinearNode>
					<ControlLinearNode>
						<t>1.18</t>
						<value>0.142111350914477</value>
					</ControlLinearNode>
					<ControlLinearNode>
						<t>1.19</t>
						<value>0.156928398315326</value>
					</ControlLinearNode>
					<ControlLinearNode>
						<t>1.2</t>
						<value>0.164814731946646</value>
					</ControlLinearNode>
					<ControlLinearNode>
						<t>1.21</t>
						<value>0.176879486166476</value>
					</ControlLinearNode>
					<ControlLinearNode>
						<t>1.22</t>
						<value>0.202624815944205</value>
					</ControlLinearNode>
					<ControlLinearNode>
						<t>1.23</t>
						<value>0.227112430829863</value>
					</ControlLinearNode>
					<ControlLinearNode>
						<t>1.24</t>
						<value>0.253888429232329</value>
					</ControlLinearNode>
				</x_nodes>
				<min_nodes />
				<max_nodes />
				<kp>100</kp>
				<kv>20</kv>
			</ControlLinear>
			<ControlLinear name="rect_fem_r.excitation">
				<is_model_control>true</is_model_control>
				<extrapolate>true</extrapolate>
				<default_min>0.02</default_min>
				<default_max>1</default_max>
				<filter_on>false</filter_on>
				<use_steps>true</use_steps>
				<x_nodes>
					<ControlLinearNode>
						<t>0.83</t>
						<value>0.0235975000797506</value>
					</ControlLinearNode>
					<ControlLinearNode>
						<t>0.84</t>
						<value>0.022</value>
					</ControlLinearNode>
					<ControlLinearNode>
						<t>0.85</t>
						<value>0.022</value>
					</ControlLinearNode>
					<ControlLinearNode>
						<t>0.86</t>
						<value>0.022</value>
					</ControlLinearNode>
					<ControlLinearNode>
						<t>0.87</t>
						<value>0.022</value>
					</ControlLinearNode>
					<ControlLinearNode>
						<t>0.88</t>
						<value>0.022</value>
					</ControlLinearNode>
					<ControlLinearNode>
						<t>0.89</t>
						<value>0.022</value>
					</ControlLinearNode>
					<ControlLinearNode>
						<t>0.9</t>
						<value>0.022</value>
					</ControlLinearNode>
					<ControlLinearNode>
						<t>0.91</t>
						<value>0.022</value>
					</ControlLinearNode>
					<ControlLinearNode>
						<t>0.92</t>
						<value>0.022</value>
					</ControlLinearNode>
					<ControlLinearNode>
						<t>0.93</t>
						<value>0.0240273342942034</value>
					</ControlLinearNode>
					<ControlLinearNode>
						<t>0.94</t>
						<value>0.022</value>
					</ControlLinearNode>
					<ControlLinearNode>
						<t>0.95</t>
						<value>0.022</value>
					</ControlLinearNode>
					<ControlLinearNode>
						<t>0.96</t>
						<value>0.022</value>
					</ControlLinearNode>
					<ControlLinearNode>
						<t>0.97</t>
						<value>0.022</value>
					</ControlLinearNode>
					<ControlLinearNode>
						<t>0.98</t>
						<value>0.02</value>
					</ControlLinearNode>
					<ControlLinearNode>
						<t>0.99</t>
						<value>0.02</value>
					</ControlLinearNode>
					<ControlLinearNode>
						<t>1</t>
						<value>0.02</value>
					</ControlLinearNode>
					<ControlLinearNode>
						<t>1.01</t>
						<value>0.02</value>
					</ControlLinearNode>
					<ControlLinearNode>
						<t>1.02</t>
						<value>0.02</value>
					</ControlLinearNode>
					<ControlLinearNode>
						<t>1.03</t>
						<value>0.02</value>
					</ControlLinearNode>
					<ControlLinearNode>
						<t>1.04</t>
						<value>0.02</value>
					</ControlLinearNode>
					<ControlLinearNode>
						<t>1.05</t>
						<value>0.02</value>
					</ControlLinearNode>
					<ControlLinearNode>
						<t>1.06</t>
						<value>0.02</value>
					</ControlLinearNode>
					<ControlLinearNode>
						<t>1.07</t>
						<value>0.02</value>
					</ControlLinearNode>
					<ControlLinearNode>
						<t>1.08</t>
						<value>0.02</value>
					</ControlLinearNode>
					<ControlLinearNode>
						<t>1.09</t>
						<value>0.02</value>
					</ControlLinearNode>
					<ControlLinearNode>
						<t>1.1</t>
						<value>0.02</value>
					</ControlLinearNode>
					<ControlLinearNode>
						<t>1.11</t>
						<value>0.02</value>
					</ControlLinearNode>
					<ControlLinearNode>
						<t>1.12</t>
						<value>0.02</value>
					</ControlLinearNode>
					<ControlLinearNode>
						<t>1.13</t>
						<value>0.02</value>
					</ControlLinearNode>
					<ControlLinearNode>
						<t>1.14</t>
						<value>0.02</value>
					</ControlLinearNode>
					<ControlLinearNode>
						<t>1.15</t>
						<value>0.02</value>
					</ControlLinearNode>
					<ControlLinearNode>
						<t>1.16</t>
						<value>0.02</value>
					</ControlLinearNode>
					<ControlLinearNode>
						<t>1.17</t>
						<value>0.02</value>
					</ControlLinearNode>
					<ControlLinearNode>
						<t>1.18</t>
						<value>0.02</value>
					</ControlLinearNode>
					<ControlLinearNode>
						<t>1.19</t>
						<value>0.02</value>
					</ControlLinearNode>
					<ControlLinearNode>
						<t>1.2</t>
						<value>0.02</value>
					</ControlLinearNode>
					<ControlLinearNode>
						<t>1.21</t>
						<value>0.02</value>
					</ControlLinearNode>
					<ControlLinearNode>
						<t>1.22</t>
						<value>0.02</value>
					</ControlLinearNode>
					<ControlLinearNode>
						<t>1.23</t>
						<value>0.02</value>
					</ControlLinearNode>
					<ControlLinearNode>
						<t>1.24</t>
						<value>0.02</value>
					</ControlLinearNode>
				</x_nodes>
				<min_nodes />
				<max_nodes />
				<kp>100</kp>
				<kv>20</kv>
			</ControlLinear>
			<ControlLinear name="vas_int_r.excitation">
				<is_model_control>true</is_model_control>
				<extrapolate>true</extrapolate>
				<default_min>0.02</default_min>
				<default_max>1</default_max>
				<filter_on>false</filter_on>
				<use_steps>true</use_steps>
				<x_nodes>
					<ControlLinearNode>
						<t>0.83</t>
						<value>0.322260119213138</value>
					</ControlLinearNode>
					<ControlLinearNode>
						<t>0.84</t>
						<value>0.282463225424904</value>
					</ControlLinearNode>
					<ControlLinearNode>
						<t>0.85</t>
						<value>0.285718178771597</value>
					</ControlLinearNode>
					<ControlLinearNode>
						<t>0.86</t>
						<value>0.248979873498739</value>
					</ControlLinearNode>
					<ControlLinearNode>
						<t>0.87</t>
						<value>0.213112885502349</value>
					</ControlLinearNode>
					<ControlLinearNode>
						<t>0.88</t>
						<value>0.178810793580522</value>
					</ControlLinearNode>
					<ControlLinearNode>
						<t>0.89</t>
						<value>0.134825085314946</value>
					</ControlLinearNode>
					<ControlLinearNode>
						<t>0.9</t>
						<value>0.228570134268089</value>
					</ControlLinearNode>
					<ControlLinearNode>
						<t>0.91</t>
						<value>0.0926136893146167</value>
					</ControlLinearNode>
					<ControlLinearNode>
						<t>0.92</t>
						<value>0.0797781293968085</value>
					</ControlLinearNode>
					<ControlLinearNode>
						<t>0.93</t>
						<value>0.0504200038536711</value>
					</ControlLinearNode>
					<ControlLinearNode>
						<t>0.94</t>
						<value>0.02</value>
					</ControlLinearNode>
					<ControlLinearNode>
						<t>0.95</t>
						<value>0.02</value>
					</ControlLinearNode>
					<ControlLinearNode>
						<t>0.96</t>
						<value>0.02</value>
					</ControlLinearNode>
					<ControlLinearNode>
						<t>0.97</t>
						<value>0.02</value>
					</ControlLinearNode>
					<ControlLinearNode>
						<t>0.98</t>
						<value>0.02</value>
					</ControlLinearNode>
					<ControlLinearNode>
						<t>0.99</t>
						<value>0.02</value>
					</ControlLinearNode>
					<ControlLinearNode>
						<t>1</t>
						<value>0.02</value>
					</ControlLinearNode>
					<ControlLinearNode>
						<t>1.01</t>
						<value>0.02</value>
					</ControlLinearNode>
					<ControlLinearNode>
						<t>1.02</t>
						<value>0.02</value>
					</ControlLinearNode>
					<ControlLinearNode>
						<t>1.03</t>
						<value>0.02</value>
					</ControlLinearNode>
					<ControlLinearNode>
						<t>1.04</t>
						<value>0.02</value>
					</ControlLinearNode>
					<ControlLinearNode>
						<t>1.05</t>
						<value>0.02</value>
					</ControlLinearNode>
					<ControlLinearNode>
						<t>1.06</t>
						<value>0.02</value>
					</ControlLinearNode>
					<ControlLinearNode>
						<t>1.07</t>
						<value>0.02</value>
					</ControlLinearNode>
					<ControlLinearNode>
						<t>1.08</t>
						<value>0.02</value>
					</ControlLinearNode>
					<ControlLinearNode>
						<t>1.09</t>
						<value>0.02</value>
					</ControlLinearNode>
					<ControlLinearNode>
						<t>1.1</t>
						<value>0.02</value>
					</ControlLinearNode>
					<ControlLinearNode>
						<t>1.11</t>
						<value>0.02</value>
					</ControlLinearNode>
					<ControlLinearNode>
						<t>1.12</t>
						<value>0.02</value>
					</ControlLinearNode>
					<ControlLinearNode>
						<t>1.13</t>
						<value>0.02</value>
					</ControlLinearNode>
					<ControlLinearNode>
						<t>1.14</t>
						<value>0.02</value>
					</ControlLinearNode>
					<ControlLinearNode>
						<t>1.15</t>
						<value>0.02</value>
					</ControlLinearNode>
					<ControlLinearNode>
						<t>1.16</t>
						<value>0.02</value>
					</ControlLinearNode>
					<ControlLinearNode>
						<t>1.17</t>
						<value>0.02</value>
					</ControlLinearNode>
					<ControlLinearNode>
						<t>1.18</t>
						<value>0.02</value>
					</ControlLinearNode>
					<ControlLinearNode>
						<t>1.19</t>
						<value>0.02</value>
					</ControlLinearNode>
					<ControlLinearNode>
						<t>1.2</t>
						<value>0.02</value>
					</ControlLinearNode>
					<ControlLinearNode>
						<t>1.21</t>
						<value>0.02</value>
					</ControlLinearNode>
					<ControlLinearNode>
						<t>1.22</t>
						<value>0.02</value>
					</ControlLinearNode>
					<ControlLinearNode>
						<t>1.23</t>
						<value>0.02</value>
					</ControlLinearNode>
					<ControlLinearNode>
						<t>1.24</t>
						<value>0.02</value>
					</ControlLinearNode>
				</x_nodes>
				<min_nodes />
				<max_nodes />
				<kp>100</kp>
				<kv>20</kv>
			</ControlLinear>
			<ControlLinear name="med_gas_r.excitation">
				<is_model_control>true</is_model_control>
				<extrapolate>true</extrapolate>
				<default_min>0.02</default_min>
				<default_max>1</default_max>
				<filter_on>false</filter_on>
				<use_steps>true</use_steps>
				<x_nodes>
					<ControlLinearNode>
						<t>0.83</t>
						<value>0.02</value>
					</ControlLinearNode>
					<ControlLinearNode>
						<t>0.84</t>
						<value>0.02</value>
					</ControlLinearNode>
					<ControlLinearNode>
						<t>0.85</t>
						<value>0.02</value>
					</ControlLinearNode>
					<ControlLinearNode>
						<t>0.86</t>
						<value>0.02</value>
					</ControlLinearNode>
					<ControlLinearNode>
						<t>0.87</t>
						<value>0.02</value>
					</ControlLinearNode>
					<ControlLinearNode>
						<t>0.88</t>
						<value>0.02</value>
					</ControlLinearNode>
					<ControlLinearNode>
						<t>0.89</t>
						<value>0.022</value>
					</ControlLinearNode>
					<ControlLinearNode>
						<t>0.9</t>
						<value>0.130180002928136</value>
					</ControlLinearNode>
					<ControlLinearNode>
						<t>0.91</t>
						<value>0.022</value>
					</ControlLinearNode>
					<ControlLinearNode>
						<t>0.92</t>
						<value>0.026</value>
					</ControlLinearNode>
					<ControlLinearNode>
						<t>0.93</t>
						<value>0.02</value>
					</ControlLinearNode>
					<ControlLinearNode>
						<t>0.94</t>
						<value>0.100981877060157</value>
					</ControlLinearNode>
					<ControlLinearNode>
						<t>0.95</t>
						<value>0.02</value>
					</ControlLinearNode>
					<ControlLinearNode>
						<t>0.96</t>
						<value>0.185327302212224</value>
					</ControlLinearNode>
					<ControlLinearNode>
						<t>0.97</t>
						<value>0.19094143860457</value>
					</ControlLinearNode>
					<ControlLinearNode>
						<t>0.98</t>
						<value>0.186055079964254</value>
					</ControlLinearNode>
					<ControlLinearNode>
						<t>0.99</t>
						<value>0.199718621483812</value>
					</ControlLinearNode>
					<ControlLinearNode>
						<t>1</t>
						<value>0.181817512150551</value>
					</ControlLinearNode>
					<ControlLinearNode>
						<t>1.01</t>
						<value>0.172982310673541</value>
					</ControlLinearNode>
					<ControlLinearNode>
						<t>1.02</t>
						<value>0.197394571284282</value>
					</ControlLinearNode>
					<ControlLinearNode>
						<t>1.03</t>
						<value>0.201382400263354</value>
					</ControlLinearNode>
					<ControlLinearNode>
						<t>1.04</t>
						<value>0.207259914867195</value>
					</ControlLinearNode>
					<ControlLinearNode>
						<t>1.05</t>
						<value>0.204742809221809</value>
					</ControlLinearNode>
					<ControlLinearNode>
						<t>1.06</t>
						<value>0.203378569873935</value>
					</ControlLinearNode>
					<ControlLinearNode>
						<t>1.07</t>
						<value>0.209987765105784</value>
					</ControlLinearNode>
					<ControlLinearNode>
						<t>1.08</t>
						<value>0.229788148133559</value>
					</ControlLinearNode>
					<ControlLinearNode>
						<t>1.09</t>
						<value>0.236284705823671</value>
					</ControlLinearNode>
					<ControlLinearNode>
						<t>1.1</t>
						<value>0.241854724417893</value>
					</ControlLinearNode>
					<ControlLinearNode>
						<t>1.11</t>
						<value>0.258565776755088</value>
					</ControlLinearNode>
					<ControlLinearNode>
						<t>1.12</t>
						<value>0.265337886242689</value>
					</ControlLinearNode>
					<ControlLinearNode>
						<t>1.13</t>
						<value>0.296165638748449</value>
					</ControlLinearNode>
					<ControlLinearNode>
						<t>1.14</t>
						<value>0.328679331475092</value>
					</ControlLinearNode>
					<ControlLinearNode>
						<t>1.15</t>
						<value>0.27062228285634</value>
					</ControlLinearNode>
					<ControlLinearNode>
						<t>1.16</t>
						<value>0.36110718973354</value>
					</ControlLinearNode>
					<ControlLinearNode>
						<t>1.17</t>
						<value>0.38049715253668</value>
					</ControlLinearNode>
					<ControlLinearNode>
						<t>1.18</t>
						<value>0.228773631367857</value>
					</ControlLinearNode>
					<ControlLinearNode>
						<t>1.19</t>
						<value>0.390583268786985</value>
					</ControlLinearNode>
					<ControlLinearNode>
						<t>1.2</t>
						<value>0.376060927893074</value>
					</ControlLinearNode>
					<ControlLinearNode>
						<t>1.21</t>
						<value>0.274375493227251</value>
					</ControlLinearNode>
					<ControlLinearNode>
						<t>1.22</t>
						<value>0.214088695283463</value>
					</ControlLinearNode>
					<ControlLinearNode>
						<t>1.23</t>
						<value>0.319185147523872</value>
					</ControlLinearNode>
					<ControlLinearNode>
						<t>1.24</t>
						<value>0.142846983798448</value>
					</ControlLinearNode>
				</x_nodes>
				<min_nodes />
				<max_nodes />
				<kp>100</kp>
				<kv>20</kv>
			</ControlLinear>
			<ControlLinear name="soleus_r.excitation">
				<is_model_control>true</is_model_control>
				<extrapolate>true</extrapolate>
				<default_min>0.02</default_min>
				<default_max>1</default_max>
				<filter_on>false</filter_on>
				<use_steps>true</use_steps>
				<x_nodes>
					<ControlLinearNode>
						<t>0.83</t>
						<value>0.0319326899925703</value>
					</ControlLinearNode>
					<ControlLinearNode>
						<t>0.84</t>
						<value>0.0860842460545299</value>
					</ControlLinearNode>
					<ControlLinearNode>
						<t>0.85</t>
						<value>0.0789887446296244</value>
					</ControlLinearNode>
					<ControlLinearNode>
						<t>0.86</t>
						<value>0.115037409710953</value>
					</ControlLinearNode>
					<ControlLinearNode>
						<t>0.87</t>
						<value>0.0911707707086605</value>
					</ControlLinearNode>
					<ControlLinearNode>
						<t>0.88</t>
						<value>0.152896242831215</value>
					</ControlLinearNode>
					<ControlLinearNode>
						<t>0.89</t>
						<value>0.0912371374306225</value>
					</ControlLinearNode>
					<ControlLinearNode>
						<t>0.9</t>
						<value>0.157110446515256</value>
					</ControlLinearNode>
					<ControlLinearNode>
						<t>0.91</t>
						<value>0.02</value>
					</ControlLinearNode>
					<ControlLinearNode>
						<t>0.92</t>
						<value>0.218861742718308</value>
					</ControlLinearNode>
					<ControlLinearNode>
						<t>0.93</t>
						<value>0.02</value>
					</ControlLinearNode>
					<ControlLinearNode>
						<t>0.94</t>
						<value>0.288440242613509</value>
					</ControlLinearNode>
					<ControlLinearNode>
						<t>0.95</t>
						<value>0.02</value>
					</ControlLinearNode>
					<ControlLinearNode>
						<t>0.96</t>
						<value>0.220437060883447</value>
					</ControlLinearNode>
					<ControlLinearNode>
						<t>0.97</t>
						<value>0.198748456733637</value>
					</ControlLinearNode>
					<ControlLinearNode>
						<t>0.98</t>
						<value>0.0503639604653191</value>
					</ControlLinearNode>
					<ControlLinearNode>
						<t>0.99</t>
						<value>0.212693037322703</value>
					</ControlLinearNode>
					<ControlLinearNode>
						<t>1</t>
						<value>0.203983187652512</value>
					</ControlLinearNode>
					<ControlLinearNode>
						<t>1.01</t>
						<value>0.18300833188935</value>
					</ControlLinearNode>
					<ControlLinearNode>
						<t>1.02</t>
						<value>0.20288626489195</value>
					</ControlLinearNode>
					<ControlLinearNode>
						<t>1.03</t>
						<value>0.201962242465915</value>
					</ControlLinearNode>
					<ControlLinearNode>
						<t>1.04</t>
						<value>0.191843886737863</value>
					</ControlLinearNode>
					<ControlLinearNode>
						<t>1.05</t>
						<value>0.183273060650873</value>
					</ControlLinearNode>
					<ControlLinearNode>
						<t>1.06</t>
						<value>0.181547709692624</value>
					</ControlLinearNode>
					<ControlLinearNode>
						<t>1.07</t>
						<value>0.181178884542923</value>
					</ControlLinearNode>
					<ControlLinearNode>
						<t>1.08</t>
						<value>0.170622310554764</value>
					</ControlLinearNode>
					<ControlLinearNode>
						<t>1.09</t>
						<value>0.186673375942175</value>
					</ControlLinearNode>
					<ControlLinearNode>
						<t>1.1</t>
						<value>0.191567451610999</value>
					</ControlLinearNode>
					<ControlLinearNode>
						<t>1.11</t>
						<value>0.187815733166035</value>
					</ControlLinearNode>
					<ControlLinearNode>
						<t>1.12</t>
						<value>0.194095239725903</value>
					</ControlLinearNode>
					<ControlLinearNode>
						<t>1.13</t>
						<value>0.197621053892929</value>
					</ControlLinearNode>
					<ControlLinearNode>
						<t>1.14</t>
						<value>0.201630810040415</value>
					</ControlLinearNode>
					<ControlLinearNode>
						<t>1.15</t>
						<value>0.219100886344213</value>
					</ControlLinearNode>
					<ControlLinearNode>
						<t>1.16</t>
						<value>0.219969105943627</value>
					</ControlLinearNode>
					<ControlLinearNode>
						<t>1.17</t>
						<value>0.226339319379844</value>
					</ControlLinearNode>
					<ControlLinearNode>
						<t>1.18</t>
						<value>0.260319619173515</value>
					</ControlLinearNode>
					<ControlLinearNode>
						<t>1.19</t>
						<value>0.261896380520816</value>
					</ControlLinearNode>
					<ControlLinearNode>
						<t>1.2</t>
						<value>0.265724641220253</value>
					</ControlLinearNode>
					<ControlLinearNode>
						<t>1.21</t>
						<value>0.28129738003022</value>
					</ControlLinearNode>
					<ControlLinearNode>
						<t>1.22</t>
						<value>0.302651773328919</value>
					</ControlLinearNode>
					<ControlLinearNode>
						<t>1.23</t>
						<value>0.3113194066535</value>
					</ControlLinearNode>
					<ControlLinearNode>
						<t>1.24</t>
						<value>0.330972900276087</value>
					</ControlLinearNode>
				</x_nodes>
				<min_nodes />
				<max_nodes />
				<kp>100</kp>
				<kv>20</kv>
			</ControlLinear>
			<ControlLinear name="tib_ant_r.excitation">
				<is_model_control>true</is_model_control>
				<extrapolate>true</extrapolate>
				<default_min>0.02</default_min>
				<default_max>1</default_max>
				<filter_on>false</filter_on>
				<use_steps>true</use_steps>
				<x_nodes>
					<ControlLinearNode>
						<t>0.83</t>
						<value>0.02</value>
					</ControlLinearNode>
					<ControlLinearNode>
						<t>0.84</t>
						<value>0.02</value>
					</ControlLinearNode>
					<ControlLinearNode>
						<t>0.85</t>
						<value>0.02</value>
					</ControlLinearNode>
					<ControlLinearNode>
						<t>0.86</t>
						<value>0.02</value>
					</ControlLinearNode>
					<ControlLinearNode>
						<t>0.87</t>
						<value>0.02</value>
					</ControlLinearNode>
					<ControlLinearNode>
						<t>0.88</t>
						<value>0.02</value>
					</ControlLinearNode>
					<ControlLinearNode>
						<t>0.89</t>
						<value>0.02</value>
					</ControlLinearNode>
					<ControlLinearNode>
						<t>0.9</t>
						<value>0.0281227133431588</value>
					</ControlLinearNode>
					<ControlLinearNode>
						<t>0.91</t>
						<value>0.116771331800249</value>
					</ControlLinearNode>
					<ControlLinearNode>
						<t>0.92</t>
						<value>0.022</value>
					</ControlLinearNode>
					<ControlLinearNode>
						<t>0.93</t>
						<value>0.323575897029034</value>
					</ControlLinearNode>
					<ControlLinearNode>
						<t>0.94</t>
						<value>0.02</value>
					</ControlLinearNode>
					<ControlLinearNode>
						<t>0.95</t>
						<value>0.373581428545744</value>
					</ControlLinearNode>
					<ControlLinearNode>
						<t>0.96</t>
						<value>0.02</value>
					</ControlLinearNode>
					<ControlLinearNode>
						<t>0.97</t>
						<value>0.02</value>
					</ControlLinearNode>
					<ControlLinearNode>
						<t>0.98</t>
						<value>0.02</value>
					</ControlLinearNode>
					<ControlLinearNode>
						<t>0.99</t>
						<value>0.02</value>
					</ControlLinearNode>
					<ControlLinearNode>
						<t>1</t>
						<value>0.02</value>
					</ControlLinearNode>
					<ControlLinearNode>
						<t>1.01</t>
						<value>0.02</value>
					</ControlLinearNode>
					<ControlLinearNode>
						<t>1.02</t>
						<value>0.02</value>
					</ControlLinearNode>
					<ControlLinearNode>
						<t>1.03</t>
						<value>0.02</value>
					</ControlLinearNode>
					<ControlLinearNode>
						<t>1.04</t>
						<value>0.022</value>
					</ControlLinearNode>
					<ControlLinearNode>
						<t>1.05</t>
						<value>0.022</value>
					</ControlLinearNode>
					<ControlLinearNode>
						<t>1.06</t>
						<value>0.022</value>
					</ControlLinearNode>
					<ControlLinearNode>
						<t>1.07</t>
						<value>0.0728788100021569</value>
					</ControlLinearNode>
					<ControlLinearNode>
						<t>1.08</t>
						<value>0.022</value>
					</ControlLinearNode>
					<ControlLinearNode>
						<t>1.09</t>
						<value>0.022</value>
					</ControlLinearNode>
					<ControlLinearNode>
						<t>1.1</t>
						<value>0.022</value>
					</ControlLinearNode>
					<ControlLinearNode>
						<t>1.11</t>
						<value>0.022</value>
					</ControlLinearNode>
					<ControlLinearNode>
						<t>1.12</t>
						<value>0.022</value>
					</ControlLinearNode>
					<ControlLinearNode>
						<t>1.13</t>
						<value>0.0479945865365014</value>
					</ControlLinearNode>
					<ControlLinearNode>
						<t>1.14</t>
						<value>0.022</value>
					</ControlLinearNode>
					<ControlLinearNode>
						<t>1.15</t>
						<value>0.022</value>
					</ControlLinearNode>
					<ControlLinearNode>
						<t>1.16</t>
						<value>0.022</value>
					</ControlLinearNode>
					<ControlLinearNode>
						<t>1.17</t>
						<value>0.022</value>
					</ControlLinearNode>
					<ControlLinearNode>
						<t>1.18</t>
						<value>0.022</value>
					</ControlLinearNode>
					<ControlLinearNode>
						<t>1.19</t>
						<value>0.022</value>
					</ControlLinearNode>
					<ControlLinearNode>
						<t>1.2</t>
						<value>0.022</value>
					</ControlLinearNode>
					<ControlLinearNode>
						<t>1.21</t>
						<value>0.022</value>
					</ControlLinearNode>
					<ControlLinearNode>
						<t>1.22</t>
						<value>0.022</value>
					</ControlLinearNode>
					<ControlLinearNode>
						<t>1.23</t>
						<value>0.022</value>
					</ControlLinearNode>
					<ControlLinearNode>
						<t>1.24</t>
						<value>0.02</value>
					</ControlLinearNode>
				</x_nodes>
				<min_nodes />
				<max_nodes />
				<kp>100</kp>
				<kv>20</kv>
			</ControlLinear>
			<ControlLinear name="MZ.excitation">
				<is_model_control>true</is_model_control>
				<extrapolate>true</extrapolate>
				<default_min>-10000</default_min>
				<default_max>10000</default_max>
				<filter_on>false</filter_on>
				<use_steps>false</use_steps>
				<x_nodes>
					<ControlLinearNode>
						<t>0.83</t>
						<value>-10.3553914340901</value>
					</ControlLinearNode>
					<ControlLinearNode>
						<t>0.84</t>
						<value>-10.0315348217027</value>
					</ControlLinearNode>
					<ControlLinearNode>
						<t>0.85</t>
						<value>-10.0352087679785</value>
					</ControlLinearNode>
					<ControlLinearNode>
						<t>0.86</t>
						<value>-9.38261355905161</value>
					</ControlLinearNode>
					<ControlLinearNode>
						<t>0.87</t>
						<value>-8.88300336916654</value>
					</ControlLinearNode>
					<ControlLinearNode>
						<t>0.88</t>
						<value>-8.6243553737404</value>
					</ControlLinearNode>
					<ControlLinearNode>
						<t>0.89</t>
						<value>-8.70901893935843</value>
					</ControlLinearNode>
					<ControlLinearNode>
						<t>0.9</t>
						<value>-8.62667158396471</value>
					</ControlLinearNode>
					<ControlLinearNode>
						<t>0.91</t>
						<value>-8.75081063156904</value>
					</ControlLinearNode>
					<ControlLinearNode>
						<t>0.92</t>
						<value>-8.82768351629602</value>
					</ControlLinearNode>
					<ControlLinearNode>
						<t>0.93</t>
						<value>-8.81492733001869</value>
					</ControlLinearNode>
					<ControlLinearNode>
						<t>0.94</t>
						<value>-7.9732481191113</value>
					</ControlLinearNode>
					<ControlLinearNode>
						<t>0.95</t>
						<value>-7.68906367079944</value>
					</ControlLinearNode>
					<ControlLinearNode>
						<t>0.96</t>
						<value>-7.06665860139037</value>
					</ControlLinearNode>
					<ControlLinearNode>
						<t>0.97</t>
						<value>-7.29400062249988</value>
					</ControlLinearNode>
					<ControlLinearNode>
						<t>0.98</t>
						<value>-7.66079804094079</value>
					</ControlLinearNode>
					<ControlLinearNode>
						<t>0.99</t>
						<value>-7.47416394572429</value>
					</ControlLinearNode>
					<ControlLinearNode>
						<t>1</t>
						<value>-6.92201843226758</value>
					</ControlLinearNode>
					<ControlLinearNode>
						<t>1.01</t>
						<value>-6.2977972388544</value>
					</ControlLinearNode>
					<ControlLinearNode>
						<t>1.02</t>
						<value>-6.1127644422977</value>
					</ControlLinearNode>
					<ControlLinearNode>
						<t>1.03</t>
						<value>-6.12212954761162</value>
					</ControlLinearNode>
					<ControlLinearNode>
						<t>1.04</t>
						<value>-6.36050947224066</value>
					</ControlLinearNode>
					<ControlLinearNode>
						<t>1.05</t>
						<value>-6.4813836698886</value>
					</ControlLinearNode>
					<ControlLinearNode>
						<t>1.06</t>
						<value>-6.58803421565608</value>
					</ControlLinearNode>
					<ControlLinearNode>
						<t>1.07</t>
						<value>-6.46079439067944</value>
					</ControlLinearNode>
					<ControlLinearNode>
						<t>1.08</t>
						<value>-6.44745489453453</value>
					</ControlLinearNode>
					<ControlLinearNode>
						<t>1.09</t>
						<value>-5.9158977336192</value>
					</ControlLinearNode>
					<ControlLinearNode>
						<t>1.1</t>
						<value>-4.50683807018686</value>
					</ControlLinearNode>
					<ControlLinearNode>
						<t>1.11</t>
						<value>-2.52099970449126</value>
					</ControlLinearNode>
					<ControlLinearNode>
						<t>1.12</t>
						<value>-0.309139451595911</value>
					</ControlLinearNode>
					<ControlLinearNode>
						<t>1.13</t>
						<value>1.38286316102494</value>
					</ControlLinearNode>
					<ControlLinearNode>
						<t>1.14</t>
						<value>2.96634724233081</value>
					</ControlLinearNode>
					<ControlLinearNode>
						<t>1.15</t>
						<value>4.58614677635887</value>
					</ControlLinearNode>
					<ControlLinearNode>
						<t>1.16</t>
						<value>6.51728514905881</value>
					</ControlLinearNode>
					<ControlLinearNode>
						<t>1.17</t>
						<value>8.67904173424722</value>
					</ControlLinearNode>
					<ControlLinearNode>
						<t>1.18</t>
						<value>10.1596326882864</value>
					</ControlLinearNode>
					<ControlLinearNode>
						<t>1.19</t>
						<value>11.6153678220398</value>
					</ControlLinearNode>
					<ControlLinearNode>
						<t>1.2</t>
						<value>13.5185334502748</value>
					</ControlLinearNode>
					<ControlLinearNode>
						<t>1.21</t>
						<value>15.7395690353187</value>
					</ControlLinearNode>
					<ControlLinearNode>
						<t>1.22</t>
						<value>18.7189938124939</value>
					</ControlLinearNode>
					<ControlLinearNode>
						<t>1.23</t>
						<value>21.7744319826379</value>
					</ControlLinearNode>
					<ControlLinearNode>
						<t>1.24</t>
						<value>24.6768346964836</value>
					</ControlLinearNode>
				</x_nodes>
				<min_nodes />
				<max_nodes />
				<kp>100</kp>
				<kv>20</kv>
			</ControlLinear>
			<ControlLinear name="FX.excitation">
				<is_model_control>true</is_model_control>
				<extrapolate>true</extrapolate>
				<default_min>-10000</default_min>
				<default_max>10000</default_max>
				<filter_on>false</filter_on>
				<use_steps>false</use_steps>
				<x_nodes>
					<ControlLinearNode>
						<t>0.83</t>
						<value>0.303178431167908</value>
					</ControlLinearNode>
					<ControlLinearNode>
						<t>0.84</t>
						<value>1.19013609296235</value>
					</ControlLinearNode>
					<ControlLinearNode>
						<t>0.85</t>
						<value>-0.545289623045392</value>
					</ControlLinearNode>
					<ControlLinearNode>
						<t>0.86</t>
						<value>0.420260782666446</value>
					</ControlLinearNode>
					<ControlLinearNode>
						<t>0.87</t>
						<value>0.780659456435387</value>
					</ControlLinearNode>
					<ControlLinearNode>
						<t>0.88</t>
						<value>0.221788576171093</value>
					</ControlLinearNode>
					<ControlLinearNode>
						<t>0.89</t>
						<value>-1.46411990216438</value>
					</ControlLinearNode>
					<ControlLinearNode>
						<t>0.9</t>
						<value>-0.457780611672206</value>
					</ControlLinearNode>
					<ControlLinearNode>
						<t>0.91</t>
						<value>0.356969190950622</value>
					</ControlLinearNode>
					<ControlLinearNode>
						<t>0.92</t>
						<value>-0.925131703865191</value>
					</ControlLinearNode>
					<ControlLinearNode>
						<t>0.93</t>
						<value>-0.42953065124675</value>
					</ControlLinearNode>
					<ControlLinearNode>
						<t>0.94</t>
						<value>-0.231656893307445</value>
					</ControlLinearNode>
					<ControlLinearNode>
						<t>0.95</t>
						<value>-1.76632495892773</value>
					</ControlLinearNode>
					<ControlLinearNode>
						<t>0.96</t>
						<value>-0.829921295657186</value>
					</ControlLinearNode>
					<ControlLinearNode>
						<t>0.97</t>
						<value>-1.27744065180741</value>
					</ControlLinearNode>
					<ControlLinearNode>
						<t>0.98</t>
						<value>-1.64935327789499</value>
					</ControlLinearNode>
					<ControlLinearNode>
						<t>0.99</t>
						<value>-1.26848316824908</value>
					</ControlLinearNode>
					<ControlLinearNode>
						<t>1</t>
						<value>-0.543796121663036</value>
					</ControlLinearNode>
					<ControlLinearNode>
						<t>1.01</t>
						<value>-0.420033506716209</value>
					</ControlLinearNode>
					<ControlLinearNode>
						<t>1.02</t>
						<value>-0.803174920238234</value>
					</ControlLinearNode>
					<ControlLinearNode>
						<t>1.03</t>
						<value>-0.351950624528399</value>
					</ControlLinearNode>
					<ControlLinearNode>
						<t>1.04</t>
						<value>0.0437855832260539</value>
					</ControlLinearNode>
					<ControlLinearNode>
						<t>1.05</t>
						<value>0.888438496951494</value>
					</ControlLinearNode>
					<ControlLinearNode>
						<t>1.06</t>
						<value>0.533042312148609</value>
					</ControlLinearNode>
					<ControlLinearNode>
						<t>1.07</t>
						<value>2.55038200797026</value>
					</ControlLinearNode>
					<ControlLinearNode>
						<t>1.08</t>
						<value>1.52182645961148</value>
					</ControlLinearNode>
					<ControlLinearNode>
						<t>1.09</t>
						<value>0.935542436485775</value>
					</ControlLinearNode>
					<ControlLinearNode>
						<t>1.1</t>
						<value>1.75364436644486</value>
					</ControlLinearNode>
					<ControlLinearNode>
						<t>1.11</t>
						<value>2.29550755070704</value>
					</ControlLinearNode>
					<ControlLinearNode>
						<t>1.12</t>
						<value>2.51802768142807</value>
					</ControlLinearNode>
					<ControlLinearNode>
						<t>1.13</t>
						<value>2.61510648140938</value>
					</ControlLinearNode>
					<ControlLinearNode>
						<t>1.14</t>
						<value>3.20547118371906</value>
					</ControlLinearNode>
					<ControlLinearNode>
						<t>1.15</t>
						<value>1.95105914559099</value>
					</ControlLinearNode>
					<ControlLinearNode>
						<t>1.16</t>
						<value>1.09859119193607</value>
					</ControlLinearNode>
					<ControlLinearNode>
						<t>1.17</t>
						<value>2.40491294227286</value>
					</ControlLinearNode>
					<ControlLinearNode>
						<t>1.18</t>
						<value>2.36911894914192</value>
					</ControlLinearNode>
					<ControlLinearNode>
						<t>1.19</t>
						<value>2.24819269009458</value>
					</ControlLinearNode>
					<ControlLinearNode>
						<t>1.2</t>
						<value>4.22412835408068</value>
					</ControlLinearNode>
					<ControlLinearNode>
						<t>1.21</t>
						<value>3.350289787355</value>
					</ControlLinearNode>
					<ControlLinearNode>
						<t>1.22</t>
						<value>4.00066177027838</value>
					</ControlLinearNode>
					<ControlLinearNode>
						<t>1.23</t>
						<value>4.6393892326123</value>
					</ControlLinearNode>
					<ControlLinearNode>
						<t>1.24</t>
						<value>4.20409494507476</value>
					</ControlLinearNode>
				</x_nodes>
				<min_nodes />
				<max_nodes />
				<kp>100</kp>
				<kv>20</kv>
			</ControlLinear>
			<ControlLinear name="FY.excitation">
				<is_model_control>true</is_model_control>
				<extrapolate>true</extrapolate>
				<default_min>-10000</default_min>
				<default_max>10000</default_max>
				<filter_on>false</filter_on>
				<use_steps>false</use_steps>
				<x_nodes>
					<ControlLinearNode>
						<t>0.83</t>
						<value>0.495174083524034</value>
					</ControlLinearNode>
					<ControlLinearNode>
						<t>0.84</t>
						<value>0.124332131557821</value>
					</ControlLinearNode>
					<ControlLinearNode>
						<t>0.85</t>
						<value>-0.185217956897759</value>
					</ControlLinearNode>
					<ControlLinearNode>
						<t>0.86</t>
						<value>0.118187427689918</value>
					</ControlLinearNode>
					<ControlLinearNode>
						<t>0.87</t>
						<value>-0.836938776461466</value>
					</ControlLinearNode>
					<ControlLinearNode>
						<t>0.88</t>
						<value>-0.181979279781444</value>
					</ControlLinearNode>
					<ControlLinearNode>
						<t>0.89</t>
						<value>-0.0294458815078542</value>
					</ControlLinearNode>
					<ControlLinearNode>
						<t>0.9</t>
						<value>0.365335968241197</value>
					</ControlLinearNode>
					<ControlLinearNode>
						<t>0.91</t>
						<value>0.662206566092209</value>
					</ControlLinearNode>
					<ControlLinearNode>
						<t>0.92</t>
						<value>-0.0292883056717983</value>
					</ControlLinearNode>
					<ControlLinearNode>
						<t>0.93</t>
						<value>-0.00316878733246995</value>
					</ControlLinearNode>
					<ControlLinearNode>
						<t>0.94</t>
						<value>-0.947596506306581</value>
					</ControlLinearNode>
					<ControlLinearNode>
						<t>0.95</t>
						<value>-0.146093144798215</value>
					</ControlLinearNode>
					<ControlLinearNode>
						<t>0.96</t>
						<value>-0.207947791212064</value>
					</ControlLinearNode>
					<ControlLinearNode>
						<t>0.97</t>
						<value>-0.251889773504445</value>
					</ControlLinearNode>
					<ControlLinearNode>
						<t>0.98</t>
						<value>0.982311351763201</value>
					</ControlLinearNode>
					<ControlLinearNode>
						<t>0.99</t>
						<value>-0.33254280163419</value>
					</ControlLinearNode>
					<ControlLinearNode>
						<t>1</t>
						<value>0.936659363556828</value>
					</ControlLinearNode>
					<ControlLinearNode>
						<t>1.01</t>
						<value>0.39178082208673</value>
					</ControlLinearNode>
					<ControlLinearNode>
						<t>1.02</t>
						<value>-0.523843377872254</value>
					</ControlLinearNode>
					<ControlLinearNode>
						<t>1.03</t>
						<value>-0.330781129219758</value>
					</ControlLinearNode>
					<ControlLinearNode>
						<t>1.04</t>
						<value>-0.760961453217533</value>
					</ControlLinearNode>
					<ControlLinearNode>
						<t>1.05</t>
						<value>-0.110483720183765</value>
					</ControlLinearNode>
					<ControlLinearNode>
						<t>1.06</t>
						<value>0.312862882190529</value>
					</ControlLinearNode>
					<ControlLinearNode>
						<t>1.07</t>
						<value>0.42316992198721</value>
					</ControlLinearNode>
					<ControlLinearNode>
						<t>1.08</t>
						<value>0.0190922591264098</value>
					</ControlLinearNode>
					<ControlLinearNode>
						<t>1.09</t>
						<value>0.10323570384935</value>
					</ControlLinearNode>
					<ControlLinearNode>
						<t>1.1</t>
						<value>0.452191213902552</value>
					</ControlLinearNode>
					<ControlLinearNode>
						<t>1.11</t>
						<value>-0.313231381762307</value>
					</ControlLinearNode>
					<ControlLinearNode>
						<t>1.12</t>
						<value>-0.0986209466082073</value>
					</ControlLinearNode>
					<ControlLinearNode>
						<t>1.13</t>
						<value>-0.136041903248042</value>
					</ControlLinearNode>
					<ControlLinearNode>
						<t>1.14</t>
						<value>0.518496143238735</value>
					</ControlLinearNode>
					<ControlLinearNode>
						<t>1.15</t>
						<value>0.954144995426759</value>
					</ControlLinearNode>
					<ControlLinearNode>
						<t>1.16</t>
						<value>0.0713417155311618</value>
					</ControlLinearNode>
					<ControlLinearNode>
						<t>1.17</t>
						<value>0.0413653994619381</value>
					</ControlLinearNode>
					<ControlLinearNode>
						<t>1.18</t>
						<value>0.85080678421582</value>
					</ControlLinearNode>
					<ControlLinearNode>
						<t>1.19</t>
						<value>0.808872954527033</value>
					</ControlLinearNode>
					<ControlLinearNode>
						<t>1.2</t>
						<value>-0.207490912023786</value>
					</ControlLinearNode>
					<ControlLinearNode>
						<t>1.21</t>
						<value>0.2598531480362</value>
					</ControlLinearNode>
					<ControlLinearNode>
						<t>1.22</t>
						<value>0.235606262942383</value>
					</ControlLinearNode>
					<ControlLinearNode>
						<t>1.23</t>
						<value>0.565527832341104</value>
					</ControlLinearNode>
					<ControlLinearNode>
						<t>1.24</t>
						<value>1.3766194634336</value>
					</ControlLinearNode>
				</x_nodes>
				<min_nodes />
				<max_nodes />
				<kp>100</kp>
				<kv>20</kv>
			</ControlLinear>
			<ControlLinear name="hip_flexion_r_moment.excitation">
				<is_model_control>true</is_model_control>
				<extrapolate>true</extrapolate>
				<default_min>-10000</default_min>
				<default_max>10000</default_max>
				<filter_on>false</filter_on>
				<use_steps>false</use_steps>
				<x_nodes>
					<ControlLinearNode>
						<t>0.83</t>
						<value>-0.00137567166348163</value>
					</ControlLinearNode>
					<ControlLinearNode>
						<t>0.84</t>
						<value>-0.00142514500475954</value>
					</ControlLinearNode>
					<ControlLinearNode>
						<t>0.85</t>
						<value>-0.00114442013364169</value>
					</ControlLinearNode>
					<ControlLinearNode>
						<t>0.86</t>
						<value>-0.00161328703688923</value>
					</ControlLinearNode>
					<ControlLinearNode>
						<t>0.87</t>
						<value>-0.00169164501494379</value>
					</ControlLinearNode>
					<ControlLinearNode>
						<t>0.88</t>
						<value>-0.00120414273624192</value>
					</ControlLinearNode>
					<ControlLinearNode>
						<t>0.89</t>
						<value>-0.00188752321264474</value>
					</ControlLinearNode>
					<ControlLinearNode>
						<t>0.9</t>
						<value>-0.000449166813268675</value>
					</ControlLinearNode>
					<ControlLinearNode>
						<t>0.91</t>
						<value>-0.00126079565234249</value>
					</ControlLinearNode>
					<ControlLinearNode>
						<t>0.92</t>
						<value>-0.00145593436172931</value>
					</ControlLinearNode>
					<ControlLinearNode>
						<t>0.93</t>
						<value>-0.000951228501435253</value>
					</ControlLinearNode>
					<ControlLinearNode>
						<t>0.94</t>
						<value>-0.000798608576587867</value>
					</ControlLinearNode>
					<ControlLinearNode>
						<t>0.95</t>
						<value>0.000441035239418852</value>
					</ControlLinearNode>
					<ControlLinearNode>
						<t>0.96</t>
						<value>0.000287777838821057</value>
					</ControlLinearNode>
					<ControlLinearNode>
						<t>0.97</t>
						<value>-0.000866338032210479</value>
					</ControlLinearNode>
					<ControlLinearNode>
						<t>0.98</t>
						<value>-0.000746016663470073</value>
					</ControlLinearNode>
					<ControlLinearNode>
						<t>0.99</t>
						<value>-0.000121744622447295</value>
					</ControlLinearNode>
					<ControlLinearNode>
						<t>1</t>
						<value>0.000373085907995119</value>
					</ControlLinearNode>
					<ControlLinearNode>
						<t>1.01</t>
						<value>-0.000169503000506666</value>
					</ControlLinearNode>
					<ControlLinearNode>
						<t>1.02</t>
						<value>5.53136505914154e-005</value>
					</ControlLinearNode>
					<ControlLinearNode>
						<t>1.03</t>
						<value>-0.000387364259950118</value>
					</ControlLinearNode>
					<ControlLinearNode>
						<t>1.04</t>
						<value>-7.7270669862628e-009</value>
					</ControlLinearNode>
					<ControlLinearNode>
						<t>1.05</t>
						<value>0.000222195962123806</value>
					</ControlLinearNode>
					<ControlLinearNode>
						<t>1.06</t>
						<value>9.88468564173672e-005</value>
					</ControlLinearNode>
					<ControlLinearNode>
						<t>1.07</t>
						<value>0.000268112755293259</value>
					</ControlLinearNode>
					<ControlLinearNode>
						<t>1.08</t>
						<value>8.42359622765798e-006</value>
					</ControlLinearNode>
					<ControlLinearNode>
						<t>1.09</t>
						<value>0.000312715810650843</value>
					</ControlLinearNode>
					<ControlLinearNode>
						<t>1.1</t>
						<value>-0.000104662674857536</value>
					</ControlLinearNode>
					<ControlLinearNode>
						<t>1.11</t>
						<value>0.000498022745887283</value>
					</ControlLinearNode>
					<ControlLinearNode>
						<t>1.12</t>
						<value>7.36083984520519e-005</value>
					</ControlLinearNode>
					<ControlLinearNode>
						<t>1.13</t>
						<value>0.000593294518694165</value>
					</ControlLinearNode>
					<ControlLinearNode>
						<t>1.14</t>
						<value>0.000683554750139592</value>
					</ControlLinearNode>
					<ControlLinearNode>
						<t>1.15</t>
						<value>0.000861447648276226</value>
					</ControlLinearNode>
					<ControlLinearNode>
						<t>1.16</t>
						<value>0.00134361579694087</value>
					</ControlLinearNode>
					<ControlLinearNode>
						<t>1.17</t>
						<value>0.00177645626172307</value>
					</ControlLinearNode>
					<ControlLinearNode>
						<t>1.18</t>
						<value>0.00177091284422204</value>
					</ControlLinearNode>
					<ControlLinearNode>
						<t>1.19</t>
						<value>0.00136635146554909</value>
					</ControlLinearNode>
					<ControlLinearNode>
						<t>1.2</t>
						<value>0.00128490821407468</value>
					</ControlLinearNode>
					<ControlLinearNode>
						<t>1.21</t>
						<value>0.00234348464437062</value>
					</ControlLinearNode>
					<ControlLinearNode>
						<t>1.22</t>
						<value>0.00204528778340318</value>
					</ControlLinearNode>
					<ControlLinearNode>
						<t>1.23</t>
						<value>0.0024079024533421</value>
					</ControlLinearNode>
					<ControlLinearNode>
						<t>1.24</t>
						<value>0.00240121307797381</value>
					</ControlLinearNode>
				</x_nodes>
				<min_nodes />
				<max_nodes />
				<kp>100</kp>
				<kv>20</kv>
			</ControlLinear>
			<ControlLinear name="knee_angle_r_moment.excitation">
				<is_model_control>true</is_model_control>
				<extrapolate>true</extrapolate>
				<default_min>-10000</default_min>
				<default_max>10000</default_max>
				<filter_on>false</filter_on>
				<use_steps>false</use_steps>
				<x_nodes>
					<ControlLinearNode>
						<t>0.83</t>
						<value>0.00154812522850989</value>
					</ControlLinearNode>
					<ControlLinearNode>
						<t>0.84</t>
						<value>0.00147606325299421</value>
					</ControlLinearNode>
					<ControlLinearNode>
						<t>0.85</t>
						<value>0.00182390313966607</value>
					</ControlLinearNode>
					<ControlLinearNode>
						<t>0.86</t>
						<value>0.00142035531280271</value>
					</ControlLinearNode>
					<ControlLinearNode>
						<t>0.87</t>
						<value>0.00140639275559806</value>
					</ControlLinearNode>
					<ControlLinearNode>
						<t>0.88</t>
						<value>0.00111263461622002</value>
					</ControlLinearNode>
					<ControlLinearNode>
						<t>0.89</t>
						<value>0.000813187811218086</value>
					</ControlLinearNode>
					<ControlLinearNode>
						<t>0.9</t>
						<value>0.000267058418103261</value>
					</ControlLinearNode>
					<ControlLinearNode>
						<t>0.91</t>
						<value>0.00101196628929756</value>
					</ControlLinearNode>
					<ControlLinearNode>
						<t>0.92</t>
						<value>0.000777146220571012</value>
					</ControlLinearNode>
					<ControlLinearNode>
						<t>0.93</t>
						<value>0.000833165124277002</value>
					</ControlLinearNode>
					<ControlLinearNode>
						<t>0.94</t>
						<value>2.98409904644359e-005</value>
					</ControlLinearNode>
					<ControlLinearNode>
						<t>0.95</t>
						<value>-0.000920400609174976</value>
					</ControlLinearNode>
					<ControlLinearNode>
						<t>0.96</t>
						<value>-0.00036881221603835</value>
					</ControlLinearNode>
					<ControlLinearNode>
						<t>0.97</t>
						<value>-0.000286898015474435</value>
					</ControlLinearNode>
					<ControlLinearNode>
						<t>0.98</t>
						<value>-0.000894809414603515</value>
					</ControlLinearNode>
					<ControlLinearNode>
						<t>0.99</t>
						<value>-0.00161613364252844</value>
					</ControlLinearNode>
					<ControlLinearNode>
						<t>1</t>
						<value>-0.00164676030544797</value>
					</ControlLinearNode>
					<ControlLinearNode>
						<t>1.01</t>
						<value>-0.00146933133692073</value>
					</ControlLinearNode>
					<ControlLinearNode>
						<t>1.02</t>
						<value>-0.00157364203732868</value>
					</ControlLinearNode>
					<ControlLinearNode>
						<t>1.03</t>
						<value>-0.00174343941216648</value>
					</ControlLinearNode>
					<ControlLinearNode>
						<t>1.04</t>
						<value>-0.00129580486100167</value>
					</ControlLinearNode>
					<ControlLinearNode>
						<t>1.05</t>
						<value>-0.00152110590170196</value>
					</ControlLinearNode>
					<ControlLinearNode>
						<t>1.06</t>
						<value>-0.00165328757975658</value>
					</ControlLinearNode>
					<ControlLinearNode>
						<t>1.07</t>
						<value>-0.00239076687284978</value>
					</ControlLinearNode>
					<ControlLinearNode>
						<t>1.08</t>
						<value>-0.00225566649532993</value>
					</ControlLinearNode>
					<ControlLinearNode>
						<t>1.09</t>
						<value>-0.00181853236972529</value>
					</ControlLinearNode>
					<ControlLinearNode>
						<t>1.1</t>
						<value>-0.00174719059396011</value>
					</ControlLinearNode>
					<ControlLinearNode>
						<t>1.11</t>
						<value>-0.00306493438802136</value>
					</ControlLinearNode>
					<ControlLinearNode>
						<t>1.12</t>
						<value>-0.00289377358785714</value>
					</ControlLinearNode>
					<ControlLinearNode>
						<t>1.13</t>
						<value>-0.0029962195767439</value>
					</ControlLinearNode>
					<ControlLinearNode>
						<t>1.14</t>
						<value>-0.00326866397153935</value>
					</ControlLinearNode>
					<ControlLinearNode>
						<t>1.15</t>
						<value>-0.00370801913049945</value>
					</ControlLinearNode>
					<ControlLinearNode>
						<t>1.16</t>
						<value>-0.00436328696378041</value>
					</ControlLinearNode>
					<ControlLinearNode>
						<t>1.17</t>
						<value>-0.00344091617080267</value>
					</ControlLinearNode>
					<ControlLinearNode>
						<t>1.18</t>
						<value>-0.00373478769142821</value>
					</ControlLinearNode>
					<ControlLinearNode>
						<t>1.19</t>
						<value>-0.0042482717162784</value>
					</ControlLinearNode>
					<ControlLinearNode>
						<t>1.2</t>
						<value>-0.00420769959600875</value>
					</ControlLinearNode>
					<ControlLinearNode>
						<t>1.21</t>
						<value>-0.00438046770432265</value>
					</ControlLinearNode>
					<ControlLinearNode>
						<t>1.22</t>
						<value>-0.00449101060439716</value>
					</ControlLinearNode>
					<ControlLinearNode>
						<t>1.23</t>
						<value>-0.00418301303034241</value>
					</ControlLinearNode>
					<ControlLinearNode>
						<t>1.24</t>
						<value>-0.00424441020004451</value>
					</ControlLinearNode>
				</x_nodes>
				<min_nodes />
				<max_nodes />
				<kp>100</kp>
				<kv>20</kv>
			</ControlLinear>
			<ControlLinear name="ankle_angle_r_moment.excitation">
				<is_model_control>true</is_model_control>
				<extrapolate>true</extrapolate>
				<default_min>-10000</default_min>
				<default_max>10000</default_max>
				<filter_on>false</filter_on>
				<use_steps>false</use_steps>
				<x_nodes>
					<ControlLinearNode>
						<t>0.83</t>
						<value>-0.000212716086025466</value>
					</ControlLinearNode>
					<ControlLinearNode>
						<t>0.84</t>
						<value>0.000497760316648055</value>
					</ControlLinearNode>
					<ControlLinearNode>
						<t>0.85</t>
						<value>-0.000386443858587882</value>
					</ControlLinearNode>
					<ControlLinearNode>
						<t>0.86</t>
						<value>-0.000315435589072877</value>
					</ControlLinearNode>
					<ControlLinearNode>
						<t>0.87</t>
						<value>-0.000399342914533918</value>
					</ControlLinearNode>
					<ControlLinearNode>
						<t>0.88</t>
						<value>-0.000675392575431033</value>
					</ControlLinearNode>
					<ControlLinearNode>
						<t>0.89</t>
						<value>-0.00122147263391525</value>
					</ControlLinearNode>
					<ControlLinearNode>
						<t>0.9</t>
						<value>-0.000150992093040259</value>
					</ControlLinearNode>
					<ControlLinearNode>
						<t>0.91</t>
						<value>0.000581451911784825</value>
					</ControlLinearNode>
					<ControlLinearNode>
						<t>0.92</t>
						<value>-0.000444445233370061</value>
					</ControlLinearNode>
					<ControlLinearNode>
						<t>0.93</t>
						<value>0.00174241993227042</value>
					</ControlLinearNode>
					<ControlLinearNode>
						<t>0.94</t>
						<value>-0.000301692542052479</value>
					</ControlLinearNode>
					<ControlLinearNode>
						<t>0.95</t>
						<value>0.00153698735630314</value>
					</ControlLinearNode>
					<ControlLinearNode>
						<t>0.96</t>
						<value>0.000231799254834186</value>
					</ControlLinearNode>
					<ControlLinearNode>
						<t>0.97</t>
						<value>-0.000933840681682341</value>
					</ControlLinearNode>
					<ControlLinearNode>
						<t>0.98</t>
						<value>-0.00116782447730657</value>
					</ControlLinearNode>
					<ControlLinearNode>
						<t>0.99</t>
						<value>-0.000399175882193958</value>
					</ControlLinearNode>
					<ControlLinearNode>
						<t>1</t>
						<value>-0.000390356326533947</value>
					</ControlLinearNode>
					<ControlLinearNode>
						<t>1.01</t>
						<value>-0.000945482175666257</value>
					</ControlLinearNode>
					<ControlLinearNode>
						<t>1.02</t>
						<value>-0.000705280835973099</value>
					</ControlLinearNode>
					<ControlLinearNode>
						<t>1.03</t>
						<value>-0.000655382411423489</value>
					</ControlLinearNode>
					<ControlLinearNode>
						<t>1.04</t>
						<value>-0.00116378299935604</value>
					</ControlLinearNode>
					<ControlLinearNode>
						<t>1.05</t>
						<value>-0.00105774219446175</value>
					</ControlLinearNode>
					<ControlLinearNode>
						<t>1.06</t>
						<value>-0.00101561891096935</value>
					</ControlLinearNode>
					<ControlLinearNode>
						<t>1.07</t>
						<value>-0.000130642778458423</value>
					</ControlLinearNode>
					<ControlLinearNode>
						<t>1.08</t>
						<value>-0.000704865546140354</value>
					</ControlLinearNode>
					<ControlLinearNode>
						<t>1.09</t>
						<value>-0.000892252643097891</value>
					</ControlLinearNode>
					<ControlLinearNode>
						<t>1.1</t>
						<value>-0.00100591878072009</value>
					</ControlLinearNode>
					<ControlLinearNode>
						<t>1.11</t>
						<value>-0.000685297261952655</value>
					</ControlLinearNode>
					<ControlLinearNode>
						<t>1.12</t>
						<value>-0.00142362161204801</value>
					</ControlLinearNode>
					<ControlLinearNode>
						<t>1.13</t>
						<value>-0.000502943301398773</value>
					</ControlLinearNode>
					<ControlLinearNode>
						<t>1.14</t>
						<value>-0.000807344003987964</value>
					</ControlLinearNode>
					<ControlLinearNode>
						<t>1.15</t>
						<value>-0.000714486539436621</value>
					</ControlLinearNode>
					<ControlLinearNode>
						<t>1.16</t>
						<value>-0.00109932560553716</value>
					</ControlLinearNode>
					<ControlLinearNode>
						<t>1.17</t>
						<value>-0.00149574765418947</value>
					</ControlLinearNode>
					<ControlLinearNode>
						<t>1.18</t>
						<value>-0.00170048933432554</value>
					</ControlLinearNode>
					<ControlLinearNode>
						<t>1.19</t>
						<value>-0.0013224642680143</value>
					</ControlLinearNode>
					<ControlLinearNode>
						<t>1.2</t>
						<value>-0.00215919661786756</value>
					</ControlLinearNode>
					<ControlLinearNode>
						<t>1.21</t>
						<value>-0.00116368175804382</value>
					</ControlLinearNode>
					<ControlLinearNode>
						<t>1.22</t>
						<value>-0.00138713166052185</value>
					</ControlLinearNode>
					<ControlLinearNode>
						<t>1.23</t>
						<value>-0.00143402354478894</value>
					</ControlLinearNode>
					<ControlLinearNode>
						<t>1.24</t>
						<value>-0.00168531141935091</value>
					</ControlLinearNode>
				</x_nodes>
				<min_nodes />
				<max_nodes />
				<kp>100</kp>
				<kv>20</kv>
			</ControlLinear>
		</objects>
		<groups />
	</ControlSet>
</OpenSimDocument>
