<?xml version="1.0" encoding="UTF-8" ?>
<OpenSimDocument Version="30000">
	<InverseKinematicsTool name="leg39_IKTool">
		<!--Directory used for writing results.-->
		<results_directory />
		<!--Directory for input files-->
		<input_directory />
		<!--Name of the .osim file used to construct a model.-->
		<model_file>leg39.osim</model_file>
		<!--A positive scalar that is used to weight the importance of satisfying constraints.A weighting of 'Infinity' or if it is unassigned results in the constraints being strictly enforced.-->
		<constraint_weight>20</constraint_weight>
		<!--The accuracy of the solution in absolute terms. I.e. the number of significantdigits to which the solution can be trusted.-->
		<accuracy>1e-005</accuracy>
		<!--Markers and coordinates to be considered (tasks) and their weightings.-->
		<IKTaskSet name="leg39_IK">
			<objects>
				<IKMarkerTask name="R.Thigh.Upper">
					<!--Whether or not this task will be used during inverse kinematics solve.-->
					<apply>true</apply>
					<!--Weight given to a marker or coordinate for solving inverse kinematics problems.-->
					<weight>1</weight>
				</IKMarkerTask>
				<IKMarkerTask name="R.Thigh.Front">
					<!--Whether or not this task will be used during inverse kinematics solve.-->
					<apply>true</apply>
					<!--Weight given to a marker or coordinate for solving inverse kinematics problems.-->
					<weight>1</weight>
				</IKMarkerTask>
				<IKMarkerTask name="R.Thigh.Rear">
					<!--Whether or not this task will be used during inverse kinematics solve.-->
					<apply>true</apply>
					<!--Weight given to a marker or coordinate for solving inverse kinematics problems.-->
					<weight>1</weight>
				</IKMarkerTask>
				<IKMarkerTask name="R.Shank.Upper">
					<!--Whether or not this task will be used during inverse kinematics solve.-->
					<apply>true</apply>
					<!--Weight given to a marker or coordinate for solving inverse kinematics problems.-->
					<weight>1</weight>
				</IKMarkerTask>
				<IKMarkerTask name="R.Shank.Front">
					<!--Whether or not this task will be used during inverse kinematics solve.-->
					<apply>true</apply>
					<!--Weight given to a marker or coordinate for solving inverse kinematics problems.-->
					<weight>1</weight>
				</IKMarkerTask>
				<IKMarkerTask name="R.Shank.Rear">
					<!--Whether or not this task will be used during inverse kinematics solve.-->
					<apply>true</apply>
					<!--Weight given to a marker or coordinate for solving inverse kinematics problems.-->
					<weight>1</weight>
				</IKMarkerTask>
				<IKMarkerTask name="R.Heel">
					<!--Whether or not this task will be used during inverse kinematics solve.-->
					<apply>true</apply>
					<!--Weight given to a marker or coordinate for solving inverse kinematics problems.-->
					<weight>0.01</weight>
				</IKMarkerTask>
				<IKMarkerTask name="R.Midfoot.Lat">
					<!--Whether or not this task will be used during inverse kinematics solve.-->
					<apply>true</apply>
					<!--Weight given to a marker or coordinate for solving inverse kinematics problems.-->
					<weight>0.01</weight>
				</IKMarkerTask>
				<IKMarkerTask name="R.Toe.Tip">
					<!--Whether or not this task will be used during inverse kinematics solve.-->
					<apply>true</apply>
					<!--Weight given to a marker or coordinate for solving inverse kinematics problems.-->
					<weight>100</weight>
				</IKMarkerTask>
			</objects>
			<groups />
		</IKTaskSet>
		<!--TRC file (.trc) containing the time history of observations of marker positions.-->
		<marker_file>leg39_swing.trc</marker_file>
		<!--The name of the storage (.sto or .mot) file containing coordinate observations.Coordinate values from this file are included if there is a corresponding coordinate task. -->
		<coordinate_file />
		<!--Time range over which the inverse kinematics problem is solved.-->
		<time_range />
		<!--Flag (true or false) indicating whether or not to report marker errors from the inverse kinematics solution.-->
		<report_errors>true</report_errors>
		<!--Name of the motion file (.mot) to which the results should be written.-->
		<output_motion_file>leg39_swing_ik.sto</output_motion_file>
	</InverseKinematicsTool>
</OpenSimDocument>
