<?xml version="1.0" encoding="UTF-8" ?>
<OpenSimDocument Version="30000">
	<ControlSet name="Control Set">
		<objects>
			<ControlLinear name="muscle1.excitation">
				<is_model_control>true</is_model_control>
				<extrapolate>true</extrapolate>
				<default_min>0</default_min>
				<default_max>1</default_max>
				<filter_on>false</filter_on>
				<use_steps>false</use_steps>
				<x_nodes>
					<ControlLinearNode>
						<t>0</t>
						<value>0.1</value>
					</ControlLinearNode>
					<ControlLinearNode>
						<t>1</t>
						<value>0.1</value>
					</ControlLinearNode>
				</x_nodes>
				<min_nodes>
					<ControlLinearNode>
						<t>0</t>
						<value>0</value>
					</ControlLinearNode>
					<ControlLinearNode>
						<t>1</t>
						<value>0</value>
					</ControlLinearNode>
				</min_nodes>
				<max_nodes>
					<ControlLinearNode>
						<t>0</t>
						<value>1</value>
					</ControlLinearNode>
					<ControlLinearNode>
						<t>1</t>
						<value>1</value>
					</ControlLinearNode>
				</max_nodes>
				<kp>100</kp>
				<kv>20</kv>
			</ControlLinear>
			<ControlLinear name="muscle2.excitation">
				<is_model_control>true</is_model_control>
				<extrapolate>true</extrapolate>
				<default_min>0</default_min>
				<default_max>1</default_max>
				<filter_on>false</filter_on>
				<use_steps>false</use_steps>
				<x_nodes>
					<ControlLinearNode>
						<t>0</t>
						<value>0.1</value>
					</ControlLinearNode>
					<ControlLinearNode>
						<t>1</t>
						<value>1</value>
					</ControlLinearNode>
				</x_nodes>
				<min_nodes>
					<ControlLinearNode>
						<t>0</t>
						<value>0</value>
					</ControlLinearNode>
					<ControlLinearNode>
						<t>1</t>
						<value>0</value>
					</ControlLinearNode>
				</min_nodes>
				<max_nodes>
					<ControlLinearNode>
						<t>0</t>
						<value>1</value>
					</ControlLinearNode>
					<ControlLinearNode>
						<t>1</t>
						<value>1</value>
					</ControlLinearNode>
				</max_nodes>
				<kp>100</kp>
				<kv>20</kv>
			</ControlLinear>
		</objects>
		<groups />
	</ControlSet>
</OpenSimDocument>
